model,avg_words_correct,avg_words_wrong,avg_chars_correct,avg_chars_wrong
llama318_tfidf_k1.answers,13.773684210526316,15.258333333333333,80.88157894736842,88.79166666666667
llama318_bm25_k1.answers,13.588669950738916,16.46808510638298,79.70443349753694,96.06382978723404
ollama_bm25_k1_fixed.answers,13.829333333333333,15.032,81.312,87.184
ollama_tfidf_k1_fixed.answers,13.577639751552795,15.129213483146067,79.53726708074534,88.64606741573034
gemma_dense_index_k1_dev.answers,13.539509536784742,15.759398496240602,79.64577656675749,91.42857142857143
llama318_dense_index_k1_dev.answers,13.553921568627452,16.684782608695652,79.50245098039215,97.31521739130434
